{"current":{"heading_color":"#1c1b1b","text_color":"#1c1b1b","text_light_color":"#6a6a6a","link_color":"#6a6a6a","background":"#efefef","light_background":"#ffffff","product_on_sale_color":"#f94c43","button_background":"#1c1b1b","button_text_color":"#ffffff","header_background":"#ffffff","header_heading_color":"#1c1b1b","header_light_color":"#6a6a6a","footer_background":"#ffffff","footer_heading_color":"#1c1b1b","footer_text_color":"#6a6a6a","navigation_background":"#1c1b1b","navigation_text_color":"#ffffff","newsletter_popup_background":"#1c1b1b","newsletter_popup_text_color":"#ffffff","secondary_elements_background":"#1c1b1b","secondary_elements_text_color":"#ffffff","heading_font":"montserrat_n5","heading_size":"small","uppercase_heading":true,"text_font":"nunito_sans_n4","base_text_font_size":14,"currency_conversion_enabled":false,"currency_conversion_round_amounts":true,"currency_conversion_supported_currencies":"USD CAD EUR GBP","currency_conversion_money_format":"money_format","show_page_transition":true,"show_button_transition":true,"show_image_zooming":true,"show_element_staggering":true,"search_mode":"product,article","product_show_price_on_hover":false,"product_show_secondary_image":true,"product_info_alignment":"center","product_image_size":"natural","product_list_horizontal_spacing":"medium","product_list_vertical_spacing":"small","cart_type":"drawer","cart_enable_notes":true,"cart_show_free_shipping_threshold":false,"cart_free_shipping_threshold":"50","share_image":"","social_facebook":"https:\/\/www.facebook.com\/CreativeKitsPresetsTemplates","social_twitter":"","social_pinterest":"https:\/\/www.pinterest.fr\/creative_kits","social_instagram":"https:\/\/www.instagram.com\/creative.kits\/","social_vimeo":"","social_tumblr":"","social_youtube":"","social_linkedin":"","social_snapchat":"","social_fancy":"","favicon":"shopify:\/\/shop_images\/CK_iconSN1.jpg","checkout_header_image":"","checkout_logo_image":"shopify:\/\/shop_images\/CK_logo3_without_Js.png","checkout_logo_position":"center","checkout_logo_size":"small","checkout_body_background_image":"","checkout_body_background_color":"#ffffff","checkout_input_background_color_mode":"white","checkout_sidebar_background_image":"","checkout_sidebar_background_color":"#efefef","checkout_heading_font":"-apple-system, BlinkMacSystemFont, 'Segoe UI', Roboto, Helvetica, Arial, sans-serif, 'Apple Color Emoji', 'Segoe UI Emoji', 'Segoe UI Symbol'","checkout_body_font":"-apple-system, BlinkMacSystemFont, 'Segoe UI', Roboto, Helvetica, Arial, sans-serif, 'Apple Color Emoji', 'Segoe UI Emoji', 'Segoe UI Symbol'","checkout_accent_color":"#553739","checkout_button_color":"#553739","checkout_error_color":"#e32c2b","sections":{"sidebar-menu":{"type":"sidebar-menu","settings":{"primary_menu":"main-menu","secondary_menu":"","show_social_media":true}},"announcement":{"type":"announcement","settings":{"enable_bar":false,"home_page_only":false,"background":"#553739","text_color":"#ffffff","content":"Creative-Kits fait face à des problèmes techniques (absence de traduction anglaise, bouton \"ajout au panier' ne fonctionnant pas, les suggestions de produits absents, ...). Nous faisons tout pour résoudre les problèmes. Merci pour votre compréhension et patiente.","link":"shopify:\/\/collections\/all"}},"header":{"type":"header","settings":{"use_sticky_header":true,"logo":"shopify:\/\/shop_images\/CK_icon1_without_JB.png","logo_max_width":60,"mobile_logo_max_width":55,"navigation_menu":"main-menu","navigation_style":"logoLeft","show_icons":true,"enable_transparent_header":true,"enable_transparent_header_collection":true,"show_transparent_header_border":false,"transparent_text_color":"#ffffff"}},"footer":{"type":"footer","blocks":{"1599580884568":{"type":"text","settings":{"title":"","content":"<img width=\"324\" height=\"43\" src=\"https:\/\/cdn.shopify.com\/s\/files\/1\/0468\/0941\/5831\/files\/payments.png?v=1599580942\" alt=\"payments\">","show_social_media":false}},"footer-1":{"type":"links","settings":{"menu":"footer"}},"1599071916985":{"type":"links","settings":{"menu":"footer-menu-2"}},"footer-0":{"type":"text","settings":{"title":"","content":"<img width=\"755\" height=\"103\" src=\"https:\/\/cdn.shopify.com\/s\/files\/1\/0468\/0941\/5831\/files\/CK_logo3_without_Js.png?v=1637851407?v=1599579467\" alt=\"creative kits\">","show_social_media":true}}},"block_order":["1599580884568","footer-1","1599071916985","footer-0"],"settings":{"show_payment_methods":false}},"slideshow":{"type":"slideshow","blocks":{"4c33181a-1b90-4095-b303-d9e42f77ef33":{"type":"image","disabled":true,"settings":{"image":"shopify:\/\/shop_images\/ck-Site-SALES_1800_x_1200px_7a2b79ba-f3cb-4bd0-8aac-73f6d110f03f.jpg","mobile_image":"shopify:\/\/shop_images\/Ck-Site-SALES-_1100_x_750px_d54aea03-3047-4d12-8d33-a34e5182b288.jpg","apply_overlay":false,"content_position":"bottomLeft","subheading":"","title":"","button_1_text":"Tout à -50%","button_1_link":"shopify:\/\/collections\/all","button_2_text":"","button_2_link":"","text":"Utilise le coupon 50SALES2023 <br>au moment de la commande!<br>"}},"1599742610691":{"type":"image","disabled":true,"settings":{"image":"shopify:\/\/shop_images\/ck-Site-Carnaval-highlights_1800_x_1200px.png","mobile_image":"shopify:\/\/shop_images\/Ck-Site-Carnaval-highlights-_1100_x_750px.png","apply_overlay":false,"content_position":"bottomLeft","subheading":"","title":"","button_1_text":"Je les veux!!!","button_1_link":"shopify:\/\/products\/20-covers-de-stories-carnaval","button_2_text":"","button_2_link":"","text":"Quel masque es-tu?\n<br> Change selon ton humeur!<br>"}},"1599469924026":{"type":"image","disabled":true,"settings":{"image":"shopify:\/\/shop_images\/ck-Site-Carnaval-Presets_1800_x_1200px.jpg","mobile_image":"shopify:\/\/shop_images\/Ck-Site-Carnaval-presets-_1100_x_750px.jpg","apply_overlay":false,"content_position":"bottomLeft","subheading":"","title":"","button_1_text":"Découvre ici","button_1_link":"shopify:\/\/products\/carnaval-collection","button_2_text":"","button_2_link":"","text":"5 nouveaux presets pour donner du peps à tes souvenirs de Carnaval <br>"}},"slide-0":{"type":"image","disabled":true,"settings":{"image":"shopify:\/\/shop_images\/ck-Site-Carnaval-posts-templates_1800_x_1200px.png","mobile_image":"shopify:\/\/shop_images\/Ck-Site-Carnaval-posts-templates_1100_x_750px.png","apply_overlay":false,"content_position":"bottomLeft","subheading":"","title":"","button_1_text":"Templates de posts pour mettre en avant des souvenirs de Carnaval","button_1_link":"shopify:\/\/products\/9-templates-de-posts-carnaval","button_2_text":"","button_2_link":"","text":""}},"261aff81-960b-40fb-8141-046e001152d0":{"type":"image","settings":{"image":"shopify:\/\/shop_images\/ck-Site-Wedding-collection-Presets_1800_x_1200px.jpg","mobile_image":"shopify:\/\/shop_images\/Ck-Site-Wedding-collection-presets-_1100_x_750px.jpg","apply_overlay":false,"content_position":"bottomLeft","subheading":"","title":"","button_1_text":"Bienvenue à la \"Wedding Collection\"!","button_1_link":"shopify:\/\/products\/wedding-collection-presets","button_2_text":"","button_2_link":"","text":"Pour embellir les plus beaux moments de ta vie!"}}},"block_order":["4c33181a-1b90-4095-b303-d9e42f77ef33","1599742610691","1599469924026","slide-0","261aff81-960b-40fb-8141-046e001152d0"],"settings":{"show_fullscreen":false,"show_arrow":false,"autoplay":true,"cycle_speed":5,"text_color":"#ae9b9f","button_color":"#ffffff","button_background":"#553739"}},"featured-collections":{"type":"featured-collections","blocks":{"1599045236733":{"type":"collection","settings":{"collection":"presets","title":"","grid_items_count":8,"button_text":"Voir tous nos produits"}},"featured-collection-0":{"type":"collection","settings":{"collection":"posts","title":"","grid_items_count":8,"button_text":"Voir tous nos produits"}},"1599045380671":{"type":"collection","settings":{"collection":"story","title":"","grid_items_count":8,"button_text":"Voir tous nos produits"}},"1599045394564":{"type":"collection","settings":{"collection":"covers-de-stories","title":"","grid_items_count":8,"button_text":"Voir tous nos produits"}}},"block_order":["1599045236733","featured-collection-0","1599045380671","1599045394564"],"settings":{"title":"Latest","subheading":"Kits","layout_mode":"carousel","show_product_info":true,"show_vendor":false,"show_color_swatch":false,"grid_mobile_items_per_row":"2","grid_desktop_items_per_row":4}},"shop-the-look":{"type":"shop-the-look","blocks":{"look-0":{"type":"look","settings":{"image":"shopify:\/\/shop_images\/Unefilledeprovence_avis.png","description":"Après 3 mois d'utilisation je ne peux plus me passer des presets de Creative Kits ♡ Absolument toutes les photos de mon feed sont passées par ses presets. J'ai désormais un feed harmonieux dont ma communauté est FAN ! Gros crush pour la Déco Collection. Ils sont ultras simples d'utilisation. La qualité et le rendu sont impeccables ! une.fille.de.provence","prix":"(9,90€)","dot_style":"light","product_1":"deco-collection","product_1_horizontal_position":73,"product_1_vertical_position":95,"product_2":"","product_2_horizontal_position":95,"product_2_vertical_position":95,"product_3":"","product_3_horizontal_position":70,"product_3_vertical_position":50}},"look-1":{"type":"look","settings":{"image":"shopify:\/\/shop_images\/emylml_avis.png","description":"Des presets magnifiques, lumineux et qui harmonisent le feed. J'adore ! Mes préférés restent Ginger Latte, Beach Day & Pool Party ! emy_lml","prix":"19,90€","dot_style":"light","product_1":"summer-collection","product_1_horizontal_position":25,"product_1_vertical_position":45,"product_2":"","product_2_horizontal_position":55,"product_2_vertical_position":30,"product_3":"","product_3_horizontal_position":65,"product_3_vertical_position":60}}},"block_order":["look-0","look-1"],"settings":{"subheading":"Adorés ces presets","title":"Elles ont","show_mobile_product_info":true}},"collection-template":{"type":"collection-template","settings":{"show_collection_info":false,"show_collection_image":false,"apply_overlay":false,"show_color_swatch":false,"show_vendor":false,"collection_image_size":"normal","show_sort_by":false,"show_layout_switch":false,"toolbar_position":"bottom","filter_position":"sidebar","filter_mode":"group","show_filter_color_swatch":true,"filter_menu":"","grid_items_per_page":48,"grid_mobile_items_per_row":"2","grid_desktop_items_per_row":4}},"recently-viewed-products":{"type":"recently-viewed-products","settings":{"show_section":false,"title":"Recently viewed","show_product_info":true,"show_vendor":false,"show_color_swatch":false}},"collection-footer":{"type":"collection-footer","settings":{"show_section":false,"text_color":"#ffffff","apply_overlay":true,"title":"Our story","content":"<p>Add your own custom content to explain your processes...<\/p>"}},"product-template":{"type":"product-template","settings":{"show_share_buttons":false,"show_vendor":false,"show_sku":false,"description_below_add_to_cart":false,"selector_mode":"dropdown","show_color_swatch":false,"show_color_carousel":false,"show_quantity_selector":false,"show_inventory_quantity":false,"inventory_quantity_threshold":3,"show_price_in_button":false,"show_payment_button":true,"image_size":"large","stack_images":false,"show_thumbnails":true,"enable_image_zoom":false,"tab_page_1_handle":"","tab_page_2_handle":"","reviews_enabled":false,"featured_image_size":"large"}},"product-recommendations":{"type":"product-recommendations","settings":{"show_product_recommendations":true,"heading":"Vous aimerez aussi","show_product_info":true,"show_vendor":false,"show_color_swatch":false}},"popup":{"type":"popup","settings":{"show_popup":false,"show_only_on_index":true,"show_only_for_visitors":true,"show_only_once":true,"title":"Popup","content":"<p>You can use this popup to display some useful information to your customers.<\/p>","show_newsletter":true,"apparition_delay":5}},"1599046322650":{"type":"custom-html","settings":{"subheading":"","title":"","html":"<div class=\"about\">\n<div class=\"img desktop\">\n<img width=\"405\" height=\"406\" src=\"https:\/\/cdn.shopify.com\/s\/files\/1\/0468\/0941\/5831\/files\/CK_iconSN2_without_JB.png?v=1637851306\" alt=\"Creative Kits logo\"><p class=\"nom\">Creative kits<\/p>\n<\/div>\n<div class=\"header_about mobile\">\n<img src=\"https:\/\/cdn.shopify.com\/s\/files\/1\/0468\/0941\/5831\/files\/CK_iconSN2_without_JB.png?v=1637851306\" alt=\"Creative Kits logo\"><div>\n<h2 class=\"SectionHeader__Heading Heading u-h1\">Hello! As-tu des questions?<\/h2>\n<p class=\"nom\">Creative Kits<\/p>\n<\/div>\n<\/div>\n<div class=\"txt_content\">\n<h2 class=\"SectionHeader__Heading Heading u-h1 desktop\">Hello! <\/h2>\n<h3 class=\"SectionHeader__SubHeading Heading u-h6\">Réponses à tes questions<\/h3>\n<p style=\"font-size: 14px; font-weight: bold;\">À qui ces modèles et presents conviennent-ils le mieux ?<\/p>\n<p>Toute personne - particuliers, entrepreneurs individuels, petites entreprises, associations, ... - souhaitant publier sur les médias sociaux et donner un aspect plus professionnel à son contenu.\nLes modèles numériques et les presets vendus sur ce site sont destinés à un usage personnel et commercial uniquement.\n<\/p>\n<p style=\"font-size: 14px; font-weight: bold;\">Est-ce que Creative Kits offre un remboursement ?<\/p>\n<p>En raison de la nature numérique du produit, il n'y a pas de remboursement et toutes les ventes sont définitives.<\/p>\n<p style=\"font-size: 14px; font-weight: bold;\">Puis-je modifier les produits ?<\/p>\n<p>Oui ! Lorsque les produits sont disponibles pour la personnalisation, tu es libre d'adapter tous les éléments de la composition pour qu'ils conviennent mieux à ton contenu.\nLes presets Lightroom sont également adaptables et modifiables pour rendre au mieux les photos sur lesquelles les préréglages sont appliqués. Les presets sont créés pour être appliqués à une majorité de photos.  Creative Kits ne peut être tenu responsable si le résultat obtenu n'est pas celui attendu. Creative Kits ne connait pas les conditions dans lesquelles la\/les photo(s) ont été prises: l'exposition, les tons, le niveau des lumières et des ombres, ...<\/p>\n<p style=\"font-size: 14px; font-weight: bold;\">Est-ce que Creative Kits peut garantir des résultats parfaits ?<\/p>\n<p>Non. Les modèles et les presets sont conçus pour fonctionner avec diverses plateformes de médias sociaux, mais il incombe à à toi de s'assurer que l'utilisation des modèles et des présélections soit conforme aux conditions de service de la plateforme qu'il utilise. Creative Kits ne peut garantir que les modèles et les presets fonctionneront avec chaque appareil ou configuration, et il incombe à toi de tester les modèles et les préréglages après achat. Creative Kits ne donne aucune garantie, expresse ou implicite, quant à l'exhaustivité, l'exactitude, la fiabilité, la pertinence ou la disponibilité des informations contenues dans les modèles et les préréglages. Tu assumes l'entière responsabilité de tout problème pouvant découler de l'utilisation des modèles et des presets, y compris, mais sans s'y limiter, les problèmes de compatibilité, les problèmes techniques ou les implications juridiques. Creative Kits n'est pas responsable de toute perte ou de tout dommage de quelque nature que ce soit résultant de l'utilisation des modèles et des presets.<\/p>\n<p style=\"font-size: 14px; font-weight: bold;\">Comment saurai-je comment utiliser les modèles et les presets ?<\/p>\n<p>Vous pouvez trouver toutes les explications dans la page <a href=\"https:\/\/creative-kits.com\/pages\/faq\" target=\"_blank\">Tutorials<\/a> du website.<\/p>\n\n<p><\/p>\n<\/div>\n<\/div>"}},"1599047318750":{"type":"custom-html","disabled":true,"settings":{"subheading":"Influenceurs","title":"Reviews","html":"<div class=\"reviews\">\n\t\t<div class=\"review_item\">\n\t\t<img src=\"https:\/\/cdn.shopify.com\/s\/files\/1\/0468\/0941\/5831\/files\/coupleofg_avis.png?v=1599656284\">\n\t\t<div class=\"stars\">\n\t\t\t<img src=\"https:\/\/cdn.shopify.com\/s\/files\/1\/0468\/0941\/5831\/files\/Objet_dynamique_vectoriel.png?v=1599066062\">\n\t\t\t<img src=\"https:\/\/cdn.shopify.com\/s\/files\/1\/0468\/0941\/5831\/files\/Objet_dynamique_vectoriel.png?v=1599066062\">\n\t\t\t<img src=\"https:\/\/cdn.shopify.com\/s\/files\/1\/0468\/0941\/5831\/files\/Objet_dynamique_vectoriel.png?v=1599066062\">\n\t\t\t<img src=\"https:\/\/cdn.shopify.com\/s\/files\/1\/0468\/0941\/5831\/files\/Objet_dynamique_vectoriel.png?v=1599066062\">\n\t\t\t<img src=\"https:\/\/cdn.shopify.com\/s\/files\/1\/0468\/0941\/5831\/files\/Objet_dynamique_vectoriel.png?v=1599066062\">\n\t\t<\/div>\n\t\t<p class=\"text-testi\">Encore une fois tu t'es surpassée ! C'est rare de trouver des presets qui sont aussi quali et vont à autant de photos! *et à nos deux couleurs de peau<\/p>\n\t\t<a href=\"https:\/\/www.instagram.com\/coupleofg\" class=\"nom\" target=\"_blank\">@coupleofg<\/a>\n\t\t<p class=\"followers\">81,5K abonnés<\/p>\n\t<\/div>\n\t<div class=\"review_item\">\n\t\t<img src=\"https:\/\/cdn.shopify.com\/s\/files\/1\/0468\/0941\/5831\/files\/marinegaby_avis.png?v=1599656287\">\n\t\t<div class=\"stars\">\n\t\t\t<img src=\"https:\/\/cdn.shopify.com\/s\/files\/1\/0468\/0941\/5831\/files\/Objet_dynamique_vectoriel.png?v=1599066062\">\n\t\t\t<img src=\"https:\/\/cdn.shopify.com\/s\/files\/1\/0468\/0941\/5831\/files\/Objet_dynamique_vectoriel.png?v=1599066062\">\n\t\t\t<img src=\"https:\/\/cdn.shopify.com\/s\/files\/1\/0468\/0941\/5831\/files\/Objet_dynamique_vectoriel.png?v=1599066062\">\n\t\t\t<img src=\"https:\/\/cdn.shopify.com\/s\/files\/1\/0468\/0941\/5831\/files\/Objet_dynamique_vectoriel.png?v=1599066062\">\n\t\t\t<img src=\"https:\/\/cdn.shopify.com\/s\/files\/1\/0468\/0941\/5831\/files\/Objet_dynamique_vectoriel.png?v=1599066062\">\n\t\t<\/div>\n\t\t<p class=\"text-testi\">J'adore tes presets, je n'utilise qu'eux. ils sont naturels, beau, variés et lumineux. Mes préférés : Jungle,Cold Light, White Home, Lavender &amp; Cookie <\/p>\n\t\t<a href=\"https:\/\/www.instagram.com\/marinegaby_\" class=\"nom\" target=\"_blank\">@marinegaby<\/a>\n\t\t<p class=\"followers\">39,6K abonnés<\/p>\n\t<\/div>\n\t<div class=\"review_item\">\n\t\t<img src=\"https:\/\/cdn.shopify.com\/s\/files\/1\/0468\/0941\/5831\/files\/annellechretien_avis.png?v=1599656295\">\n\t\t<div class=\"stars\">\n\t\t\t<img src=\"https:\/\/cdn.shopify.com\/s\/files\/1\/0468\/0941\/5831\/files\/Objet_dynamique_vectoriel.png?v=1599066062\">\n\t\t\t<img src=\"https:\/\/cdn.shopify.com\/s\/files\/1\/0468\/0941\/5831\/files\/Objet_dynamique_vectoriel.png?v=1599066062\">\n\t\t\t<img src=\"https:\/\/cdn.shopify.com\/s\/files\/1\/0468\/0941\/5831\/files\/Objet_dynamique_vectoriel.png?v=1599066062\">\n\t\t\t<img src=\"https:\/\/cdn.shopify.com\/s\/files\/1\/0468\/0941\/5831\/files\/Objet_dynamique_vectoriel.png?v=1599066062\">\n\t\t\t<img src=\"https:\/\/cdn.shopify.com\/s\/files\/1\/0468\/0941\/5831\/files\/Objet_dynamique_vectoriel.png?v=1599066062\">\n\t\t<\/div>\n\t\t<p class=\"text-testi\">J'adore le preset December, je le trouve plutot très sympas ! Je voyage beaucoup et il est simple de partir de cette base &amp; de ré éditer à notre convenance après !<\/p>\n\t\t<a href=\"https:\/\/www.instagram.com\/anaellechretienoff\" class=\"nom\" target=\"_blank\">@anaellechretienoff<\/a>\n\t\t<p class=\"followers\">33,6K abonnés<\/p>\n\t<\/div>\n\t<div class=\"review_item\">\n\t\t<img src=\"https:\/\/cdn.shopify.com\/s\/files\/1\/0468\/0941\/5831\/files\/lacasadubonheur_avis.png?v=1599656295\">\n\t\t<div class=\"stars\">\n\t\t\t<img src=\"https:\/\/cdn.shopify.com\/s\/files\/1\/0468\/0941\/5831\/files\/Objet_dynamique_vectoriel.png?v=1599066062\">\n\t\t\t<img src=\"https:\/\/cdn.shopify.com\/s\/files\/1\/0468\/0941\/5831\/files\/Objet_dynamique_vectoriel.png?v=1599066062\">\n\t\t\t<img src=\"https:\/\/cdn.shopify.com\/s\/files\/1\/0468\/0941\/5831\/files\/Objet_dynamique_vectoriel.png?v=1599066062\">\n\t\t\t<img src=\"https:\/\/cdn.shopify.com\/s\/files\/1\/0468\/0941\/5831\/files\/Objet_dynamique_vectoriel.png?v=1599066062\">\n\t\t\t<img src=\"https:\/\/cdn.shopify.com\/s\/files\/1\/0468\/0941\/5831\/files\/Objet_dynamique_vectoriel.png?v=1599066062\">\n\t\t<\/div>\n\t\t<p class=\"text-testi\">Ca a changé ma vie sur Insta et m'a fait gagner énormément de temps. Mon préféré est le WHIITEHOME j'aime son côté lumineux, il fait bien ressortir les éléments. <\/p>\n\t\t<a href=\"https:\/\/www.instagram.com\/lacasadubonheur\/\" class=\"nom\" target=\"_blank\">@lacasadubonheur<\/a>\n\t\t<p class=\"followers\">28K abonnés<\/p>\n<\/div>\n<\/div>"}},"1599047398294":{"type":"custom-html","settings":{"subheading":"avec Creative Kits","title":"Libère le pouvoir de ton image","html":"<div style=\"width:80%; margin:auto;\">\n<p>\n<br>Notre service de conception propose des modèles et des ressources digitales adaptés aux professionnels et aux petites organisations qui cherchent à améliorer leur présence en ligne et hors ligne. Des préréglages aux covers de stories, en passant par les modèles de posts ou de stories, les bannières, les cartes de visite, les e-signatures, ... et bien plus encore; nos kits de conception offrent un aspect cohérent et professionnel, ce qui te fait gagner du temps et confère à ta présence une identité unique.<br>\n\n<br>Avec Creative Kits, tu peux donner une véritable identité à tes comptes de médias sociaux, comme Instagram, Facebook, Linkedin et Twitter, mettre en valeur tes photos et constituer ta propre boîte à outils graphique personnelle et professionnelle. Trouve tout ce dont tu as besoin pour créer un look visuellement attrayant et harmonieux pour ton travail ou organisation sans passer des heures sur le design et avec un budget limité. \n\n<\/p>\n<p><b>Fais passer tom image professionnelle au niveau supérieur grâce à Creative Kits.<\/b>\n<\/p>\n\n<a href=\"https:\/\/creative-kits.com\/collections\/all\" class=\"Button Button--primary\">Découvre notre shop<\/a>\n<\/div>"}},"1599061585073":{"type":"custom-html","disabled":true,"settings":{"subheading":"","title":"","html":"<h4 class=\"SectionHeader__Heading\">“ 5 questions pour découvrir ton preset idéal ”<\/h4>\n<a href=\"https:\/\/m.me\/1280363545437239?ref=quiz\" target=\"_blank\">C'est parti<\/a>"}},"page-faq-template":{"type":"page-faq-template","blocks":{"page-faq-template-4":{"type":"separator","settings":{"title":"Général"}},"page-faq-template-5":{"type":"question","settings":{"title":"Qu’est ce qu’il se passe après le paiement ?","answer":"<p>Après le paiement vous recevrez <strong>un email avec les fichiers à télécharger<\/strong>. Vérifier vos spams et mails indésirables si vous ne voyez pas le mail arriver après 3 minutes. <\/p><p>Vous pourrez également y accéder directement depuis votre espace client, ou sur la page de confirmation d'achat.<\/p><p>Si vous rencontrez un quelconque problème, vous pouvez me contacter par email à <strong>hello@creative-kits.com<\/strong> ou par message sur mon <a href=\"https:\/\/www.instagram.com\/creative.kits\/\" target=\"_blank\" title=\"https:\/\/www.instagram.com\/creative.kits\/\"><strong>compte Instagram<\/strong><\/a><\/p>"}},"1599660634658":{"type":"question","settings":{"title":"Puis-je être remboursé si je change d’avis ?","answer":"<p>Malheureusement non, nous n’effectuons pas de remboursement, mais nous sommes là pour vous aider lors de l'utilisation ou de l'installation.<\/p><p>Les presets et autres creatives kits étant des produits digitaux, l’achat est <strong>définitif. <\/strong><\/p>"}},"page-faq-template-6":{"type":"question","settings":{"title":"Si je change de téléphone, comment retrouver mes fichiers ?","answer":"<p>Si vous changez de téléphone vous pourrez retrouver vos fichiers ou le lien de téléchargement directement via le <strong>mail de confirmation d'achat<\/strong> ou via <strong>votre compte client<\/strong> sur notre site<\/p>"}},"page-faq-template-0":{"type":"separator","settings":{"title":"Presets Lightroom"}},"page-faq-template-1":{"type":"question","settings":{"title":"Qu’est ce qu’un preset Lightroom ?","answer":"<p><em><strong>Un preset Lightroom<\/strong><\/em><em>, <\/em>également connu sous le nom de <strong>“<\/strong><em><strong>filtre photo lightroom”<\/strong><\/em> est un ensemble de 45 pré réglages (température, couleurs, ombres…).<\/p><p><strong>Les presets<\/strong> sont utilisables et compatibles seulement avec l’application Lightroom CC  sur mobile et\/ou sur ordinateur.<br\/>Ils permettent de retoucher vos photos en un clic et d’harmoniser votre feed comme un pro !<\/p>"}},"page-faq-template-3":{"type":"question","settings":{"title":"Les presets sont ils compatibles sur ordinateur et\/ou le mobile ?","answer":"<p>Les presets sont compatibles sur ordinateur et mobile.<strong> Sur mobile<\/strong> il vous suffit d’installer l’application Lightroom CC (la version gratuite suffit). <strong>Sur ordinateur <\/strong>(version payante de Lightroom CC ou Lightroom Classic<strong>)<\/strong> il vous suffit de télécharger les fichiers et de les importer dans votre <em>Lightroom<\/em> en tant que \"paramètre prédéfinis”.<\/p>"}},"1599660338319":{"type":"question","settings":{"title":"Comment installer les presets Lightroom ?","answer":"<p>Retrouvez tous nos <strong>tutos d’installation<\/strong> sur le compte instagram <a href=\"https:\/\/www.instagram.com\/justine_blchn_presets\/\" target=\"_blank\" title=\"https:\/\/www.instagram.com\/creative.kits\/\">@creative.kits<\/a> ou tout simplement dans la rubrique <strong>“<\/strong><a href=\"\/pages\/faq\" title=\"FAQ\"><strong>Tutos<\/strong><\/a><strong>”<\/strong> du site internet.<\/p>"}},"1599660394476":{"type":"question","settings":{"title":"Sont-ils utilisables à l’infini ?","answer":"<p>Une fois achet&eacute;s, les<strong>&nbsp;filtres Lightroom<\/strong>&nbsp;sont utilisables &agrave; l&rsquo;infini<i>.<\/i>&nbsp;Si vous changez de t&eacute;l&eacute;phone, il faudra r&eacute;installer les presets, via le mail re&ccedil;u apr&egrave;s votre achat ou en via le lien de t&eacute;l&eacute;chargement disponible sur votre compte client.<\/p>\n<p>Si vous avez l&rsquo;option Premium il vous suffira de r&eacute;installer Lightroom et de vous connecter au m&ecirc;me compte pour retrouver vos&nbsp;<strong>filtres photos Lightroom<\/strong>.<\/p>"}},"1599660468827":{"type":"question","settings":{"title":"Comment choisir la bonne collection ?","answer":"<p>Chaque collection comporte <strong>diff&eacute;rents filtres pour convenir &agrave; un maximum de photo<\/strong>s (selfie, int&eacute;rieur, expos&eacute;, sombre..)&nbsp;<br>Si tu h&eacute;sites pour&nbsp;choisir la collection&nbsp;qui te correspondra le mieux nous avons cr&eacute;&eacute; un petit <strong>quizz<\/strong>&nbsp;de 5 questions qui te trouvera le meilleur pack !<br>Sinon envoie nous un <strong>message sur Insta<\/strong> pour que nous t'aidions &agrave; choisir&nbsp;<\/p>"}},"page-faq-template-2":{"type":"question","settings":{"title":"Qu’est ce que l’application Lightroom CC ?","answer":"<p>Adobe Lightroom CC est un logiciel d&eacute;velopp&eacute; par Adobe systems disponible sur ordinateur ou via leur application mobile.<br><br>Con&ccedil;u pour les amateurs de photographie, Lightroom inclut tous les outils pour retoucher, classer, stocker et partager des photos.&nbsp;Plus intuitif que Photoshop, il permet de proposer des&nbsp;<strong>filtres photos<\/strong>&nbsp;de qualit&eacute;s.<\/p>"}},"page-faq-template-7":{"type":"separator","settings":{"title":"Templates personnalisables"}},"page-faq-template-8":{"type":"question","settings":{"title":"Comment modifier les templates personnalisables ?","answer":"<p>Vous trouverez tous les tutos d'installations et les conseils d'utilisations sur notre <a href=\"https:\/\/www.instagram.com\/creative.kits\/\" target=\"_blank\" title=\"https:\/\/www.instagram.com\/creative.kits\/\"><strong>compte instagram<\/strong><\/a> ou via les <a href=\"\/pages\/faq\" title=\"FAQ\"><strong>tutos<\/strong><\/a> de notre blog<\/p>"}},"1599661408671":{"type":"separator","settings":{"title":"Autres"}},"1599661412360":{"type":"question","settings":{"title":"Vous avez une autre question ?","answer":"<p>N'hésitez pas à nous écrire par email à hello@creative-kits.com.com ou directement sur notre<a href=\"https:\/\/www.instagram.com\/creative.kits\/\" target=\"_blank\" title=\"https:\/\/www.instagram.com\/creative.kits\/\"><strong> compte Instagram<\/strong><\/a><strong> <\/strong><\/p>"}}},"block_order":["page-faq-template-4","page-faq-template-5","1599660634658","page-faq-template-6","page-faq-template-0","page-faq-template-1","page-faq-template-3","1599660338319","1599660394476","1599660468827","page-faq-template-2","page-faq-template-7","page-faq-template-8","1599661408671","1599661412360"],"settings":{}},"blog-template":{"type":"blog-template","settings":{"show_rss":false,"show_tags":true,"show_featured_article":true,"show_category":false}},"shop-now":{"type":"shop-now","settings":{"show_section":true,"title":"Découvrez nos presets","collection":"presets","grid_items_count":6,"show_product_info":true,"show_vendor":false,"show_color_swatch":false}},"article-template":{"type":"article-template","settings":{"show_article_image":true,"show_date":true,"show_category":false,"show_author":false,"show_share_buttons":true}},"professionnel":{"type":"professionnel","settings":{}},"about":{"type":"about","settings":{}},"recommendation-posts":{"type":"recommendation-posts","blocks":{"1599651153981":{"type":"collection","settings":{"collection":"posts","title":"Vous aimerez aussi","grid_items_count":8,"button_text":""}}},"block_order":["1599651153981"],"settings":{"title":"","subheading":"","layout_mode":"carousel","show_product_info":true,"show_vendor":false,"show_color_swatch":false,"grid_mobile_items_per_row":"2","grid_desktop_items_per_row":4}},"recommendation-stories":{"type":"recommendation-stories","blocks":{"1599651211030":{"type":"collection","settings":{"collection":"story","title":"Vous aimerez aussi","grid_items_count":8,"button_text":""}}},"block_order":["1599651211030"],"settings":{"title":"","subheading":"","layout_mode":"carousel","show_product_info":true,"show_vendor":false,"show_color_swatch":false,"grid_mobile_items_per_row":"2","grid_desktop_items_per_row":4}},"recommendation-covers":{"type":"recommendation-covers","blocks":{"1599651257143":{"type":"collection","settings":{"collection":"covers-de-stories","title":"Vous aimerez aussi","grid_items_count":8,"button_text":""}}},"block_order":["1599651257143"],"settings":{"title":"","subheading":"","layout_mode":"carousel","show_product_info":true,"show_vendor":false,"show_color_swatch":false,"grid_mobile_items_per_row":"2","grid_desktop_items_per_row":4}},"recommendation-presets":{"type":"recommendation-presets","blocks":{"1599652120148":{"type":"collection","settings":{"collection":"presets","title":"Vous aimerez aussi","grid_items_count":8,"button_text":""}}},"block_order":["1599652120148"],"settings":{"title":"","subheading":"","layout_mode":"carousel","show_product_info":true,"show_vendor":false,"show_color_swatch":false,"grid_mobile_items_per_row":"2","grid_desktop_items_per_row":4}},"1599666912787":{"type":"custom-html","disabled":true,"settings":{"subheading":"","title":"","html":"<div>\n\t<p>Transformez vos photos d'été en oeuvres d'art grâce à nos collections de presets Lightroom<\/p>\n\t<div class=\"btns_cont\">\n<a href=\"https:\/\/creative-kits.com\/products\/lifestyle-collection\" class=\"Button Button--primary\">Découvrir la collection<\/a>\n\t<a href=\"\/collections\/all\/categories_presets?sort_by=manual\" class=\"Button Button--secondary\">Explorer les presets<\/a>\n<\/div>\n<\/div>"}},"1599667132058":{"type":"instafeed","settings":{"heading_font":"helvetica_n4","heading_size":20,"feed_width":100,"html_area":"<header class=\"SectionHeader SectionHeader--center\"><h2 class=\"SectionHeader__Heading Heading u-h1\">Inspiration<\/h2>\n<h3 class=\"SectionHeader__SubHeading Heading u-h6\">Instagram<\/h3><\/header>"}},"slideshow_pros":{"type":"slideshow_pros","blocks":{"1599669157814":{"type":"image","settings":{"image":"shopify:\/\/shop_images\/1.png","apply_overlay":false,"content_position":"bottomLeft","subheading":"","title":"","button_1_text":"","button_1_link":"","button_2_text":"","button_2_link":"","text":""}},"1599669572278":{"type":"image","settings":{"image":"shopify:\/\/shop_images\/13.png","apply_overlay":false,"content_position":"bottomLeft","subheading":"","title":"","button_1_text":"","button_1_link":"","button_2_text":"","button_2_link":"","text":""}},"1599724559267":{"type":"image","settings":{"image":"shopify:\/\/shop_images\/8.png","apply_overlay":false,"content_position":"bottomLeft","subheading":"","title":"","button_1_text":"","button_1_link":"","button_2_text":"","button_2_link":"","text":""}},"1599724614752":{"type":"image","settings":{"image":"shopify:\/\/shop_images\/21.png","apply_overlay":false,"content_position":"bottomLeft","subheading":"","title":"","button_1_text":"","button_1_link":"","button_2_text":"","button_2_link":"","text":""}},"1599724640848":{"type":"image","settings":{"image":"shopify:\/\/shop_images\/26.png","apply_overlay":false,"content_position":"bottomLeft","subheading":"","title":"","button_1_text":"","button_1_link":"","button_2_text":"","button_2_link":"","text":""}}},"block_order":["1599669157814","1599669572278","1599724559267","1599724614752","1599724640848"],"settings":{"show_fullscreen":false,"show_arrow":false,"autoplay":false,"cycle_speed":4,"text_color":"#ffffff","button_color":"#363636","button_background":"#ffffff"}},"product-template-not-draggable":{"type":"product-template-not-draggable","settings":{"show_share_buttons":false,"show_vendor":false,"show_sku":false,"description_below_add_to_cart":false,"selector_mode":"dropdown","show_color_swatch":false,"show_color_carousel":false,"show_quantity_selector":false,"show_inventory_quantity":false,"inventory_quantity_threshold":0,"show_price_in_button":false,"show_payment_button":true,"image_size":"large","stack_images":false,"show_thumbnails":true,"enable_image_zoom":false,"tab_page_1_handle":"","tab_page_2_handle":"","reviews_enabled":false,"featured_image_size":"large"}},"html-faq":{"type":"html-faq","settings":{"subheading":"","title":"Tutos","html":"<ul class=\"tuto-links\">\n<li><a href=\"https:\/\/creative-kits.com\/blogs\/tutoriels-dinstallation\/tuto-dinstallation-covers\">Covers de Stories (personnalisables)<\/a><\/li>\t\n<li><a href=\"https:\/\/creative-kits.com\/blogs\/tutoriels-dinstallation\/tuto-dinstallation-covers-non-modifiables\">Covers non modifiables<\/a><\/li>\n<li><a href=\"https:\/\/creative-kits.com\/blogs\/tutoriels-dinstallation\/tuto-dinstallation-fonds-de-stories\">Fonds de stories<\/a><\/li>\n<li><a href=\"https:\/\/creative-kits.com\/blogs\/tutoriels-dinstallation\/tuto-dinstallation-presets\">Presets Lightroom<\/a><\/li>\n<li><a href=\"https:\/\/creative-kits.com\/blogs\/tutoriels-dinstallation\/tuto-dinstallation-puzzle-feed\">Puzzle feed<\/a><\/li>\n<li><a href=\"https:\/\/creative-kits.com\/blogs\/tutoriels-dinstallation\/tuto-dinstallation-template-posts-personnalisables\">Templates de posts<\/a><\/li>\n<li><a href=\"https:\/\/creative-kits.com\/blogs\/tutoriels-dinstallation\/tuto-dinstallation-template-stories-personnalisables\">Templates de Stories<\/a><\/li>\n<\/ul>"}},"messenger-cta":{"type":"messenger-cta","settings":{}},"166455012461abc606":{"type":"inscription-newsletter-homepage","settings":{"image_01":"shopify:\/\/shop_images\/CK-Site-10001410-ck-Post-12-covers-reels-TERRACOTTA.jpg","image_02":"shopify:\/\/shop_images\/Site-CK-Covers-Collection-SAND-_10001410px.jpg","title_01":"Rejoins le club","title_02":"des #creaties","mention":"<p>En nous rejoignant, tu receveras des offres exclusives et des mises à jour promotionnelles. Nous te promettons de ne pas spammer ta boîte. Tu peux te désabonner à tout moment. Voir <a href=\"\/policies\/terms-of-service\" target=\"_blank\" title=\"Terms of Service\">les termes et conditions<\/a> et <a href=\"\/policies\/privacy-policy\" target=\"_blank\" title=\"Privacy Policy\">la politique de confidentialité.<\/a><\/p>"}},"caebec43-dc75-492a-8d6a-3cd94ee9ee42":{"type":"custom-html","disabled":true,"settings":{"subheading":"ton compte","title":"Crée","html":"<p>Si tu perds ton mobile ou tu casses ce dernier, tu perds tous tes fichiers et c'est la pire chose qui puisse t'arriver. Une solution t'est offerte: Au moment de passer commande, crée d'abord un compte virtuel. Dès que cela est fait, tu peux à ton aise acheter le produit choisi. Tu te protèges contre toute perte de fichiers. Tes achats (presets, zips, liens canvas vers les templates) seront toujours sur ton compte et tu pourras les télécharger à l’infini.<\/p>\n<a href=\"\/account\/register\" class=\"Button Button--primary\">Se créer un compte<\/a>"}},"a29a1417-071b-489d-bdc0-09d4837321f0":{"type":"slideshow-content","disabled":true,"settings":{"content":"Transforme tes photos de Noël et de Nouvel An en oeuvre d’art avec nos collection de presets.","link1":"https:\/\/creative-kits.com\/collections\/all\/products\/combo-4-collections-xmas-snowdrops-autumn-winter-34-presets","linktext1":"Discover the collection","link2":"shopify:\/\/collections\/presets","linktext2":"Explore presets"}},"0e02c648-eb1a-4304-b255-759b0144829b":{"type":"blog-posts","disabled":true,"blocks":{"0e02c648-eb1a-4304-b255-759b0144829b-1675616114d41f71bf-0":{"type":"blog","settings":{"blog":"news"}}},"block_order":["0e02c648-eb1a-4304-b255-759b0144829b-1675616114d41f71bf-0"],"settings":{"subheading":"","title":"Blog posts","show_category":false,"button_link":"","button_text":"View all articles"}}},"content_for_index":["slideshow","1599047398294","a29a1417-071b-489d-bdc0-09d4837321f0","1599666912787","featured-collections","shop-the-look","1599047318750","0e02c648-eb1a-4304-b255-759b0144829b","1599061585073","caebec43-dc75-492a-8d6a-3cd94ee9ee42","1599667132058","166455012461abc606","1599046322650"],"blocks":{"14060646107696862457":{"type":"shopify:\/\/apps\/judge-me-product-reviews\/blocks\/judgeme_core\/61ccd3b1-a9f2-4160-9fe9-4fec8413e5d8","disabled":false,"settings":{}}}},"presets":{"Allure":{"heading_color":"#1c1b1b","text_color":"#1c1b1b","text_light_color":"#6a6a6a","link_color":"#6a6a6a","background":"#efefef","light_background":"#ffffff","product_on_sale_color":"#f94c43","button_background":"#1c1b1b","button_text_color":"#ffffff","header_background":"#ffffff","header_heading_color":"#1c1b1b","header_light_color":"#6a6a6a","footer_background":"#ffffff","footer_heading_color":"#1c1b1b","footer_text_color":"#6a6a6a","newsletter_popup_background":"#1c1b1b","newsletter_popup_text_color":"#ffffff","secondary_elements_background":"#1c1b1b","secondary_elements_text_color":"#ffffff","navigation_background":"#1c1b1b","navigation_text_color":"#ffffff","heading_font":"montserrat_n5","heading_size":"small","uppercase_heading":true,"text_font":"nunito_sans_n4","base_text_font_size":14,"currency_conversion_enabled":false,"currency_conversion_round_amounts":true,"currency_conversion_supported_currencies":"USD CAD EUR GBP","currency_conversion_money_format":"money_format","show_page_transition":true,"search_mode":"product,article","product_show_price_on_hover":false,"product_show_secondary_image":false,"product_info_alignment":"center","product_image_size":"natural","product_list_horizontal_spacing":"medium","product_list_vertical_spacing":"small","cart_type":"drawer","cart_enable_notes":true,"cart_show_free_shipping_threshold":false,"cart_free_shipping_threshold":"50","checkout_logo_position":"center","checkout_logo_size":"small","checkout_body_background_color":"#ffffff","checkout_input_background_color_mode":"white","checkout_sidebar_background_color":"#efefef","checkout_accent_color":"#1c1b1b","checkout_button_color":"#1c1b1b","sections":{"sidebar-menu":{"type":"sidebar-menu","settings":{"primary_menu":"main-menu","show_social_media":true}},"announcement":{"type":"announcement","settings":{"background":"#000000","text_color":"#ffffff","content":"Announce something here"}},"header":{"type":"header","settings":{"use_sticky_header":true,"logo_max_width":140,"navigation_menu":"main-menu","navigation_style":"inline","enable_transparent_header":true,"transparent_text_color":"#ffffff"}},"footer":{"type":"footer","blocks":{"footer-0":{"type":"text","settings":{"title":"About the shop","content":"<p>Use this text area to tell your customers about your brand and vision. You can change it in the theme settings.<\/p>","show_social_media":true}},"footer-1":{"type":"links","settings":{"menu":"footer"}},"footer-2":{"type":"newsletter","settings":{"title":"Newsletter","content":"<p>Subscribe to receive updates, access to exclusive deals, and more.<\/p>"}}},"block_order":["footer-0","footer-1","footer-2"],"settings":{"show_payment_methods":true}},"slideshow":{"type":"slideshow","blocks":{"slide-0":{"type":"image","settings":{"apply_overlay":true,"content_position":"bottomLeft","subheading":"Slide title","title":"Tell your story"}},"slide-1":{"type":"image","settings":{"apply_overlay":true,"content_position":"bottomLeft","subheading":"Slide title","title":"Tell your story"}}},"block_order":["slide-0","slide-1"],"settings":{"show_fullscreen":true,"show_arrow":false,"autoplay":true,"cycle_speed":5,"text_color":"#ffffff","button_color":"#363636"}},"featured-collections":{"type":"featured-collections","blocks":{"featured-collection-0":{"type":"collection","settings":{"grid_items_count":8,"button_text":"View all products"}}},"block_order":["featured-collection-0"],"settings":{"title":"Featured collection","layout_mode":"grid","show_product_info":true,"grid_mobile_items_per_row":"2","grid_desktop_items_per_row":4}},"collection-list":{"type":"collection-list","blocks":{"collection-0":{"type":"collection","settings":{"image_alignment":"center center","subheading":"Sub-heading","button_text":"View products","apply_overlay":true}},"collection-1":{"type":"collection","settings":{"image_alignment":"center center","subheading":"Sub-heading","button_text":"View products","apply_overlay":true}},"collection-2":{"type":"collection","settings":{"image_alignment":"center center","subheading":"Sub-heading","button_text":"View products","apply_overlay":true}}},"block_order":["collection-0","collection-1","collection-2"],"settings":{"add_spacing":true,"expand_collection":false,"text_color":"#ffffff","button_color":"#363636"}},"featured-product":{"type":"featured-product","settings":{"title":"Featured product","show_vendor":true,"show_description":true,"show_color_swatch":false,"show_color_carousel":false,"show_quantity_selector":true,"show_inventory_quantity":false,"inventory_quantity_threshold":3}},"timeline":{"type":"timeline","blocks":{"item-0":{"type":"item","settings":{"apply_overlay":true,"title":"2000","subheading":"Sub-heading","heading":"Heading","content":"<p>Add your own custom content to give more information about your store, availability details...<\/p>"}},"item-1":{"type":"item","settings":{"apply_overlay":true,"title":"2001","subheading":"Sub-heading","heading":"Heading","content":"<p>Add your own custom content to give more information about your store, availability details...<\/p>"}},"item-2":{"type":"item","settings":{"apply_overlay":true,"title":"2002","subheading":"Sub-heading","heading":"Heading","content":"<p>Add your own custom content to give more information about your store, availability details...<\/p>"}}},"block_order":["item-0","item-1","item-2"],"settings":{"text_color":"#ffffff"}},"blog-posts":{"type":"blog-posts","blocks":{"blog-0":{"type":"blog","settings":{"blog":"news"}}},"block_order":["blog-0"],"settings":{"title":"Featured article","show_category":false,"button_text":"View all articles"}},"shop-the-look":{"type":"shop-the-look","blocks":{"look-0":{"type":"look","settings":{"dot_style":"light","product_1_horizontal_position":30,"product_1_vertical_position":40,"product_2_horizontal_position":45,"product_2_vertical_position":65,"product_3_horizontal_position":70,"product_3_vertical_position":50}},"look-1":{"type":"look","settings":{"dot_style":"light","product_1_horizontal_position":25,"product_1_vertical_position":45,"product_2_horizontal_position":55,"product_2_vertical_position":30,"product_3_horizontal_position":65,"product_3_vertical_position":60}}},"block_order":["look-0","look-1"],"settings":{"subheading":"Shop","title":"Our looks"}},"collection-template":{"type":"collection-template","settings":{"show_collection_info":true,"show_collection_image":false,"show_sort_by":true,"show_layout_switch":false,"toolbar_position":"bottom","filter_position":"sidebar","filter_mode":"tag","show_filter_color_swatch":true,"grid_items_per_page":16,"grid_mobile_items_per_row":"2","grid_desktop_items_per_row":4}},"recently-viewed-products":{"type":"recently-viewed-products","settings":{"show_section":true,"title":"Recently viewed","show_product_info":true}},"collection-footer":{"type":"collection-footer","settings":{"show_section":false,"text_color":"#ffffff","apply_overlay":true,"title":"Our story","content":"<p>Add your own custom content to explain your processes...<\/p>"}},"product-template":{"type":"product-template","settings":{"show_share_buttons":true,"show_vendor":true,"show_color_swatch":false,"show_color_carousel":false,"show_quantity_selector":true,"show_inventory_quantity":false,"inventory_quantity_threshold":3,"image_size":"large","stack_images":true,"show_thumbnails":false,"enable_image_zoom":true,"reviews_enabled":false}},"product-recommendations":{"type":"product-recommendations","settings":{"show_product_recommendations":true,"show_product_info":true}}},"content_for_index":["slideshow","featured-collections","collection-list","featured-product","timeline","blog-posts","shop-the-look"]},"Couture":{"heading_color":"#5c5c5c","text_color":"#5c5c5c","text_light_color":"#939393","link_color":"#323232","background":"#ffffff","light_background":"#ffffff","product_on_sale_color":"#f94c43","button_background":"#5c5c5c","button_text_color":"#ffffff","header_background":"#ffffff","header_heading_color":"#5c5c5c","header_light_color":"#939393","footer_background":"#ffffff","footer_heading_color":"#5c5c5c","footer_text_color":"#939393","newsletter_popup_background":"#ffffff","newsletter_popup_text_color":"#1c1b1b","secondary_elements_background":"#5c5c5c","secondary_elements_text_color":"#ffffff","navigation_background":"#ffffff","navigation_text_color":"#5c5c5c","heading_font":"futura_n4","heading_size":"large","uppercase_heading":false,"text_font":"century_gothic_n4","base_text_font_size":15,"currency_conversion_enabled":false,"currency_conversion_round_amounts":true,"currency_conversion_supported_currencies":"USD CAD EUR GBP","currency_conversion_money_format":"money_format","show_page_transition":true,"search_mode":"product,article","product_show_price_on_hover":true,"product_show_secondary_image":false,"product_info_alignment":"left","product_image_size":"natural","product_list_horizontal_spacing":"small","product_list_vertical_spacing":"small","cart_type":"drawer","cart_enable_notes":true,"cart_show_free_shipping_threshold":false,"cart_free_shipping_threshold":"50","checkout_logo_position":"center","checkout_logo_size":"small","checkout_body_background_color":"#fff","checkout_input_background_color_mode":"white","checkout_sidebar_background_color":"#fafafa","checkout_accent_color":"#323232","checkout_button_color":"#5c5c5c","sections":{"sidebar-menu":{"type":"sidebar-menu","settings":{"primary_menu":"main-menu","show_social_media":true}},"announcement":{"type":"announcement","settings":{"background":"#f3f3f3","text_color":"#5c5c5c","content":"Announce something here"}},"header":{"type":"header","settings":{"use_sticky_header":true,"logo_max_width":140,"navigation_menu":"main-menu","navigation_style":"center","enable_transparent_header":true,"transparent_text_color":"#ffffff"}},"footer":{"type":"footer","blocks":{"footer-0":{"type":"text","settings":{"title":"About the shop","content":"<p>Use this text area to tell your customers about your brand and vision. You can change it in the theme settings.<\/p>","show_social_media":true}},"footer-1":{"type":"links","settings":{"menu":"footer"}},"footer-2":{"type":"newsletter","settings":{"title":"Newsletter","content":"<p>Subscribe to receive updates, access to exclusive deals, and more.<\/p>"}}},"block_order":["footer-0","footer-1","footer-2"],"settings":{"show_payment_methods":true}},"slideshow":{"type":"slideshow","blocks":{"slide-0":{"type":"image","settings":{"apply_overlay":true,"content_position":"bottomLeft","subheading":"Slide title","title":"Tell your story"}},"slide-1":{"type":"image","settings":{"apply_overlay":true,"content_position":"bottomLeft","subheading":"Slide title","title":"Tell your story"}}},"block_order":["slide-0","slide-1"],"settings":{"show_fullscreen":true,"show_arrow":false,"autoplay":true,"cycle_speed":5,"text_color":"#ffffff","button_color":"#363636"}},"featured-collections":{"type":"featured-collections","blocks":{"featured-collection-0":{"type":"collection","settings":{"grid_items_count":8,"button_text":"View all products"}}},"block_order":["featured-collection-0"],"settings":{"title":"Featured collection","layout_mode":"grid","show_product_info":true,"grid_mobile_items_per_row":"2","grid_desktop_items_per_row":4}},"collection-list":{"type":"collection-list","blocks":{"collection-0":{"type":"collection","settings":{"image_alignment":"center center","subheading":"Sub-heading","button_text":"View products","apply_overlay":true}},"collection-1":{"type":"collection","settings":{"image_alignment":"center center","subheading":"Sub-heading","button_text":"View products","apply_overlay":true}},"collection-2":{"type":"collection","settings":{"image_alignment":"center center","subheading":"Sub-heading","button_text":"View products","apply_overlay":true}}},"block_order":["collection-0","collection-1","collection-2"],"settings":{"add_spacing":true,"expand_collection":false,"text_color":"#ffffff","button_color":"#363636"}},"featured-product":{"type":"featured-product","settings":{"title":"Featured product","show_vendor":true,"show_description":true,"show_color_swatch":false,"show_color_carousel":false,"show_quantity_selector":true,"show_inventory_quantity":false,"inventory_quantity_threshold":3}},"timeline":{"type":"timeline","blocks":{"item-0":{"type":"item","settings":{"apply_overlay":true,"title":"2000","subheading":"Sub-heading","heading":"Heading","content":"<p>Add your own custom content to give more information about your store, availability details...<\/p>"}},"item-1":{"type":"item","settings":{"apply_overlay":true,"title":"2001","subheading":"Sub-heading","heading":"Heading","content":"<p>Add your own custom content to give more information about your store, availability details...<\/p>"}},"item-2":{"type":"item","settings":{"apply_overlay":true,"title":"2002","subheading":"Sub-heading","heading":"Heading","content":"<p>Add your own custom content to give more information about your store, availability details...<\/p>"}}},"block_order":["item-0","item-1","item-2"],"settings":{"text_color":"#ffffff"}},"blog-posts":{"type":"blog-posts","blocks":{"blog-0":{"type":"blog","settings":{"blog":"news"}}},"block_order":["blog-0"],"settings":{"title":"Featured article","show_category":false,"button_text":"View all articles"}},"shop-the-look":{"type":"shop-the-look","blocks":{"look-0":{"type":"look","settings":{"dot_style":"light","product_1_horizontal_position":30,"product_1_vertical_position":40,"product_2_horizontal_position":45,"product_2_vertical_position":65,"product_3_horizontal_position":70,"product_3_vertical_position":50}},"look-1":{"type":"look","settings":{"dot_style":"light","product_1_horizontal_position":25,"product_1_vertical_position":45,"product_2_horizontal_position":55,"product_2_vertical_position":30,"product_3_horizontal_position":65,"product_3_vertical_position":60}}},"block_order":["look-0","look-1"],"settings":{"subheading":"Shop","title":"Our looks"}},"collection-template":{"type":"collection-template","settings":{"show_collection_info":true,"show_collection_image":false,"show_sort_by":true,"show_layout_switch":false,"toolbar_position":"bottom","filter_position":"sidebar","filter_mode":"tag","show_filter_color_swatch":true,"grid_items_per_page":16,"grid_mobile_items_per_row":"2","grid_desktop_items_per_row":4}},"recently-viewed-products":{"type":"recently-viewed-products","settings":{"show_section":true,"title":"Recently viewed","show_product_info":true}},"collection-footer":{"type":"collection-footer","settings":{"show_section":false,"text_color":"#ffffff","apply_overlay":true,"title":"Our story","content":"<p>Add your own custom content to explain your processes...<\/p>"}},"product-template":{"type":"product-template","settings":{"show_share_buttons":true,"show_vendor":true,"show_color_swatch":false,"show_color_carousel":false,"show_quantity_selector":true,"show_inventory_quantity":false,"inventory_quantity_threshold":3,"image_size":"large","stack_images":true,"show_thumbnails":false,"enable_image_zoom":true,"reviews_enabled":false}},"product-recommendations":{"type":"product-recommendations","settings":{"show_product_recommendations":true,"show_product_info":true}}},"content_for_index":["slideshow","featured-collections","collection-list","featured-product","timeline","blog-posts","shop-the-look"]},"Vogue":{"heading_color":"#454545","text_color":"#454545","text_light_color":"#9d9d9d","link_color":"#a17c5e","background":"#ffffff","light_background":"#ffffff","product_on_sale_color":"#f94c43","button_background":"#c2a284","button_text_color":"#ffffff","header_background":"#ffffff","header_heading_color":"#454545","header_light_color":"#9d9d9d","footer_background":"#ffffff","footer_heading_color":"#454545","footer_text_color":"#9d9d9d","newsletter_popup_background":"#454545","newsletter_popup_text_color":"#ffffff","secondary_elements_background":"#f1e4d8","secondary_elements_text_color":"#373737","navigation_background":"#454545","navigation_text_color":"#ffffff","heading_font":"din_neuzeit_grotesk_n3","heading_size":"small","uppercase_heading":true,"text_font":"futura_n4","base_text_font_size":14,"currency_conversion_enabled":false,"currency_conversion_round_amounts":true,"currency_conversion_supported_currencies":"USD CAD EUR GBP","currency_conversion_money_format":"money_format","show_page_transition":true,"show_element_staggering":false,"search_mode":"product,article","product_show_price_on_hover":true,"product_show_secondary_image":false,"product_info_alignment":"center","product_image_size":"natural","product_list_horizontal_spacing":"medium","product_list_vertical_spacing":"small","cart_type":"drawer","cart_enable_notes":true,"cart_show_free_shipping_threshold":false,"cart_free_shipping_threshold":"50","checkout_logo_position":"left","checkout_logo_size":"medium","checkout_body_background_color":"#fff","checkout_input_background_color_mode":"white","checkout_sidebar_background_color":"#fafafa","checkout_accent_color":"#a17c5e","checkout_button_color":"#454545","sections":{"sidebar-menu":{"type":"sidebar-menu","settings":{"primary_menu":"main-menu","show_social_media":true}},"announcement":{"type":"announcement","settings":{"background":"#f1e4d8","text_color":"#343434","content":"Announce something here"}},"header":{"type":"header","settings":{"use_sticky_header":true,"logo_max_width":140,"navigation_menu":"main-menu","navigation_style":"inline","enable_transparent_header":true,"transparent_text_color":"#ffffff"}},"footer":{"type":"footer","blocks":{"footer-0":{"type":"text","settings":{"title":"About the shop","content":"<p>Use this text area to tell your customers about your brand and vision. You can change it in the theme settings.<\/p>","show_social_media":true}},"footer-1":{"type":"links","settings":{"menu":"footer"}},"footer-2":{"type":"newsletter","settings":{"title":"Newsletter","content":"<p>Subscribe to receive updates, access to exclusive deals, and more.<\/p>"}}},"block_order":["footer-0","footer-1","footer-2"],"settings":{"show_payment_methods":true}},"slideshow":{"type":"slideshow","blocks":{"slide-0":{"type":"image","settings":{"apply_overlay":true,"content_position":"bottomLeft","subheading":"Slide title","title":"Tell your story"}},"slide-1":{"type":"image","settings":{"apply_overlay":true,"content_position":"bottomLeft","subheading":"Slide title","title":"Tell your story"}}},"block_order":["slide-0","slide-1"],"settings":{"show_fullscreen":true,"show_arrow":false,"autoplay":true,"cycle_speed":5,"text_color":"#ffffff","button_color":"#363636"}},"featured-collections":{"type":"featured-collections","blocks":{"featured-collection-0":{"type":"collection","settings":{"grid_items_count":8,"button_text":"View all products"}}},"block_order":["featured-collection-0"],"settings":{"title":"Featured collection","layout_mode":"grid","show_product_info":true,"grid_mobile_items_per_row":"2","grid_desktop_items_per_row":4}},"collection-list":{"type":"collection-list","blocks":{"collection-0":{"type":"collection","settings":{"image_alignment":"center center","subheading":"Sub-heading","button_text":"View products","apply_overlay":true}},"collection-1":{"type":"collection","settings":{"image_alignment":"center center","subheading":"Sub-heading","button_text":"View products","apply_overlay":true}},"collection-2":{"type":"collection","settings":{"image_alignment":"center center","subheading":"Sub-heading","button_text":"View products","apply_overlay":true}}},"block_order":["collection-0","collection-1","collection-2"],"settings":{"add_spacing":true,"expand_collection":false,"text_color":"#ffffff","button_color":"#363636"}},"featured-product":{"type":"featured-product","settings":{"title":"Featured product","show_vendor":true,"show_description":true,"show_color_swatch":false,"show_color_carousel":false,"show_quantity_selector":true,"show_inventory_quantity":false,"inventory_quantity_threshold":3}},"timeline":{"type":"timeline","blocks":{"item-0":{"type":"item","settings":{"apply_overlay":true,"title":"2000","subheading":"Sub-heading","heading":"Heading","content":"<p>Add your own custom content to give more information about your store, availability details...<\/p>"}},"item-1":{"type":"item","settings":{"apply_overlay":true,"title":"2001","subheading":"Sub-heading","heading":"Heading","content":"<p>Add your own custom content to give more information about your store, availability details...<\/p>"}},"item-2":{"type":"item","settings":{"apply_overlay":true,"title":"2002","subheading":"Sub-heading","heading":"Heading","content":"<p>Add your own custom content to give more information about your store, availability details...<\/p>"}}},"block_order":["item-0","item-1","item-2"],"settings":{"text_color":"#ffffff"}},"blog-posts":{"type":"blog-posts","blocks":{"blog-0":{"type":"blog","settings":{"blog":"news"}}},"block_order":["blog-0"],"settings":{"title":"Featured article","show_category":false,"button_text":"View all articles"}},"shop-the-look":{"type":"shop-the-look","blocks":{"look-0":{"type":"look","settings":{"dot_style":"light","product_1_horizontal_position":30,"product_1_vertical_position":40,"product_2_horizontal_position":45,"product_2_vertical_position":65,"product_3_horizontal_position":70,"product_3_vertical_position":50}},"look-1":{"type":"look","settings":{"dot_style":"light","product_1_horizontal_position":25,"product_1_vertical_position":45,"product_2_horizontal_position":55,"product_2_vertical_position":30,"product_3_horizontal_position":65,"product_3_vertical_position":60}}},"block_order":["look-0","look-1"],"settings":{"subheading":"Shop","title":"Our looks"}},"collection-template":{"type":"collection-template","settings":{"show_collection_info":true,"show_collection_image":false,"show_sort_by":true,"show_layout_switch":false,"toolbar_position":"bottom","filter_position":"sidebar","filter_mode":"tag","show_filter_color_swatch":true,"grid_items_per_page":16,"grid_mobile_items_per_row":"2","grid_desktop_items_per_row":4}},"recently-viewed-products":{"type":"recently-viewed-products","settings":{"show_section":true,"title":"Recently viewed","show_product_info":true}},"collection-footer":{"type":"collection-footer","settings":{"show_section":false,"text_color":"#ffffff","apply_overlay":true,"title":"Our story","content":"<p>Add your own custom content to explain your processes...<\/p>"}},"product-template":{"type":"product-template","settings":{"show_share_buttons":true,"show_vendor":true,"show_color_swatch":false,"show_color_carousel":false,"show_quantity_selector":true,"show_inventory_quantity":false,"inventory_quantity_threshold":3,"image_size":"large","stack_images":true,"show_thumbnails":false,"enable_image_zoom":true,"reviews_enabled":false}},"product-recommendations":{"type":"product-recommendations","settings":{"show_product_recommendations":true,"show_product_info":true}}},"content_for_index":["slideshow","featured-collections","collection-list","featured-product","timeline","blog-posts","shop-the-look"]}}}